{
  "actions" : [ {
    "module" : "init",
    "date" : "2023-03-23T14:30:26.586749999Z",
    "properties" : {
      "packageName" : "com.medo.demo",
      "projectName" : "medo",
      "baseName" : "MedoApplication",
      "serverPort" : 8080,
      "endOfLine" : "lf",
      "indentSize" : 2,
      "auth0Domain" : "dev-123456.us.auth0.com",
      "auth0ClientId" : "0oab8eb55Kb9jdMIr5d6"
    }
  }, {
    "module" : "application-service-hexagonal-architecture-documentation",
    "date" : "2023-03-23T14:30:34.598884540Z",
    "properties" : {
      "packageName" : "com.medo.demo",
      "projectName" : "medo",
      "baseName" : "MedoApplication",
      "serverPort" : 8080,
      "endOfLine" : "lf",
      "indentSize" : 2,
      "auth0Domain" : "dev-123456.us.auth0.com",
      "auth0ClientId" : "0oab8eb55Kb9jdMIr5d6"
    }
  }, {
    "module" : "github-codespaces",
    "date" : "2023-03-23T14:30:41.107398817Z",
    "properties" : {
      "packageName" : "com.medo.demo",
      "projectName" : "medo",
      "baseName" : "MedoApplication",
      "serverPort" : 8080,
      "endOfLine" : "lf",
      "indentSize" : 2,
      "auth0Domain" : "dev-123456.us.auth0.com",
      "auth0ClientId" : "0oab8eb55Kb9jdMIr5d6"
    }
  }, {
    "module" : "gitpod",
    "date" : "2023-03-23T14:30:48.740653641Z",
    "properties" : {
      "packageName" : "com.medo.demo",
      "projectName" : "medo",
      "baseName" : "MedoApplication",
      "serverPort" : 8080,
      "endOfLine" : "lf",
      "indentSize" : 2,
      "auth0Domain" : "dev-123456.us.auth0.com",
      "auth0ClientId" : "0oab8eb55Kb9jdMIr5d6"
    }
  }, {
    "module" : "gradle-wrapper",
    "date" : "2023-03-23T14:30:54.777480602Z",
    "properties" : {
      "packageName" : "com.medo.demo",
      "projectName" : "medo",
      "baseName" : "MedoApplication",
      "serverPort" : 8080,
      "endOfLine" : "lf",
      "indentSize" : 2,
      "auth0Domain" : "dev-123456.us.auth0.com",
      "auth0ClientId" : "0oab8eb55Kb9jdMIr5d6"
    }
  }, {
    "module" : "infinitest-filters",
    "date" : "2023-03-23T14:31:02.392764727Z",
    "properties" : {
      "packageName" : "com.medo.demo",
      "projectName" : "medo",
      "baseName" : "MedoApplication",
      "serverPort" : 8080,
      "endOfLine" : "lf",
      "indentSize" : 2,
      "auth0Domain" : "dev-123456.us.auth0.com",
      "auth0ClientId" : "0oab8eb55Kb9jdMIr5d6"
    }
  }, {
    "module" : "maven-wrapper",
    "date" : "2023-03-23T14:31:08.733661276Z",
    "properties" : {
      "packageName" : "com.medo.demo",
      "projectName" : "medo",
      "baseName" : "MedoApplication",
      "serverPort" : 8080,
      "endOfLine" : "lf",
      "indentSize" : 2,
      "auth0Domain" : "dev-123456.us.auth0.com",
      "auth0ClientId" : "0oab8eb55Kb9jdMIr5d6"
    }
  }, {
    "module" : "maven-java",
    "date" : "2023-03-23T14:31:22.819474410Z",
    "properties" : {
      "packageName" : "com.medo.demo",
      "projectName" : "medo",
      "baseName" : "MedoApplication",
      "serverPort" : 8080,
      "endOfLine" : "lf",
      "indentSize" : 2,
      "auth0Domain" : "dev-123456.us.auth0.com",
      "auth0ClientId" : "0oab8eb55Kb9jdMIr5d6"
    }
  }, {
    "module" : "prettier",
    "date" : "2023-03-23T14:31:31.591196252Z",
    "properties" : {
      "packageName" : "com.medo.demo",
      "projectName" : "medo",
      "baseName" : "MedoApplication",
      "serverPort" : 8080,
      "endOfLine" : "lf",
      "indentSize" : 2,
      "auth0Domain" : "dev-123456.us.auth0.com",
      "auth0ClientId" : "0oab8eb55Kb9jdMIr5d6"
    }
  }, {
    "module" : "typescript",
    "date" : "2023-03-23T14:31:41.413471067Z",
    "properties" : {
      "packageName" : "com.medo.demo",
      "projectName" : "medo",
      "baseName" : "MedoApplication",
      "serverPort" : 8080,
      "endOfLine" : "lf",
      "indentSize" : 2,
      "auth0Domain" : "dev-123456.us.auth0.com",
      "auth0ClientId" : "0oab8eb55Kb9jdMIr5d6"
    }
  }, {
    "module" : "angular-core",
    "date" : "2023-03-23T14:31:56.725636139Z",
    "properties" : {
      "packageName" : "com.medo.demo",
      "projectName" : "medo",
      "baseName" : "MedoApplication",
      "serverPort" : 8080,
      "endOfLine" : "lf",
      "indentSize" : 2,
      "auth0Domain" : "dev-123456.us.auth0.com",
      "auth0ClientId" : "0oab8eb55Kb9jdMIr5d6"
    }
  }, {
    "module" : "init",
    "date" : "2023-03-23T14:33:50.467281619Z",
    "properties" : {
      "packageName" : "com.medo.demo",
      "projectName" : "medo",
      "baseName" : "MedoApplication",
      "serverPort" : 8080,
      "endOfLine" : "lf",
      "indentSize" : 2,
      "auth0Domain" : "dev-123456.us.auth0.com",
      "auth0ClientId" : "0oab8eb55Kb9jdMIr5d6"
    }
  }, {
    "module" : "java-base",
    "date" : "2023-03-23T14:34:24.371779454Z",
    "properties" : {
      "packageName" : "com.medo.demo",
      "projectName" : "medo",
      "baseName" : "MedoApplication",
      "serverPort" : 8080,
      "endOfLine" : "lf",
      "indentSize" : 2,
      "auth0Domain" : "dev-123456.us.auth0.com",
      "auth0ClientId" : "0oab8eb55Kb9jdMIr5d6"
    }
  } ]
}